FECHA;TITULO;FUENTE;URL
18/09/2026 13:57;Jack Campbell fights back tears in explaining Lions loss to Bills - NBC Sports;NBCSports.com;https://www.nbcsports.com/nfl/profootballtalk/rumor-mill/news/jack-campbell-fights-back-tears-in-explaining-lions-loss-to-bills
18/09/2026 13:54;Shark kills swimmer off Western Australian city beach - WRAL;WRAL.com;https://www.wral.com/news/ap/ddd30-shark-kills-swimmer-off-western-australian-city-beach/
18/09/2026 13:07;"Iran War Updates: 2 ships attacked in Strait of Hormuz as Trump says next move could be to ""annihilate"" regime - CBS News";CBS News;https://www.cbsnews.com/live-updates/iran-war-trump-us-strait-of-hormuz-oil-houthis/
18/09/2026 13:00;Russian hybrid attacks against Europe intensifying, says Macron - BBC;BBC News;https://www.bbc.com/news/articles/cm2dw1w9d3yjo
18/09/2026 12:58;Resident Evil movie director says he was not prepared for fan backlash - bbc.com;BBC News;https://www.bbc.com/news/articles/cm4g525l8jwwo
18/09/2026 12:39;LDS Church weighs in against Idaho’s abortion ballot measure - The Salt Lake Tribune;Salt Lake Tribune;https://www.sltrib.com/religion/2026/09/18/lds-church-weighs-against-idahos/
18/09/2026 12:38;Russians begin 3 days of voting in a parliamentary election set to cement the Kremlin's power - AP News;Associated Press;https://apnews.com/article/russia-putin-election-parliament-duma-ukraine-war-7f10803a87456051be876c0c33375af8
18/09/2026 12:34;String of daring Russian plots is testing Washington’s restraint - The Washington Post;The Washington Post;https://www.washingtonpost.com/world/2026/09/18/wave-russian-strikes-plots-raises-fears-conflict-spiraling/
18/09/2026 11:40;iOS 27: My favorite new iPhone features (other than AI) - 9to5Mac;9to5Mac;https://9to5mac.com/2026/09/18/ios-27-my-favorite-new-iphone-features-other-than-ai/
18/09/2026 11:00;Ms. Rachel has entered her album era, and she is so happy about it - NPR;NPR;https://www.npr.org/2026/09/18/nx-s1-5938847/ms-rachel-mr-aron-new-album-im-so-happy
18/09/2026 10:32;How this common age-related eye disease leads to hallucinations - The Washington Post;The Washington Post;https://www.washingtonpost.com/health/2026/09/18/age-related-eye-disease-that-leads-hallucinations/
18/09/2026 10:00;Inside the 49ers’ Trip to Australia and How They Defeated Jet Lag and the Rams - Sports Illustrated;Sports Illustrated;https://www.si.com/nfl/inside-49ers-australia-trip-how-they-defeated-jet-lag-rams
18/09/2026 10:00;NFL Week 2 picks, predictions, schedule, odds, fantasy tips - ESPN;ESPN;https://www.espn.com/nfl/story/_/id/49957149/week-2-picks-predictions-schedule-fantasy-odds-2026
18/09/2026 09:22;Treasury yields edge higher as volatile week wraps up - CNBC;CNBC;https://www.cnbc.com/2026/09/18/treasury-yields-fed-rates-volatile-week.html
18/09/2026 09:09;Protests erupt in Nigeria after 33 miners die in custody of paramilitary agency - CNN;CNN;https://www.cnn.com/2026/09/18/africa/protests-in-nigeria-after-33-miners-die-intl
18/09/2026 09:05;What a Fed rate hike means for credit card debt, car loans and savers - USA Today;USA Today;https://www.usatoday.com/story/money/personal-finance/2026/09/18/fed-interest-rate-hike-impacts/91805903007/
18/09/2026 09:00;A DHS email raises new questions about the Trump administration's election plans - NPR;NPR;https://www.npr.org/2026/09/18/nx-s1-5973278/dhs-noncitizen-voting-english-language
18/09/2026 08:10;One of the Pixel 11’s exclusive features is already showing up on Pixel 10 - Android Authority;Android Authority;https://www.androidauthority.com/pixel-10-proactive-assistance-beta-3712714/
18/09/2026 06:59;Barbra Streisand Calls Out Kennedy Center Closure, Blames Trump’s ‘Unchecked Ego’ - Forbes;Forbes;https://www.forbes.com/sites/siladityaray/2026/09/18/barbra-streisand-calls-out-kennedy-center-closure-blames-trumps-unchecked-ego/
